DriverID,Driver,Team,Year,GranPrix,Location,LapNumber,position,PitInTime,PitOutTime,Stint,TireLife,TireMeters,Compound,IsFreshTire,DriverMeters,LapTime,Best,air_temp,humidity,trackTemp,pressure,wind_speed,wind_direction,NormalizedTireMeters,NormalizedDriverMeters,NormalizedAirTemp,NormalizedHumidity,NormalizedTrackTemp,NormalizedPressure,NormalizedWindSpeed,NormalizedWindDirection
11,PER,Racing Point,2019,German Grand Prix,Hockenheim,1.0,11.0,1,1,1.0,1.0,4574,0,1,4574,112.843,0,10.5,43.8,13.05,495.65,0.2,104.5,0.015548938021810666,0.014757504581472783,0.2974504249291785,0.4888392857142857,0.22814685314685315,0.4848381101437934,0.02531645569620253,0.2902777777777778
11,PER,Racing Point,2019,German Grand Prix,Hockenheim,2.0,,1,1,1.0,2.0,9148,0,1,9148,,1,21.1,88.7,26.1,991.3,0.4,119.0,0.031097876043621332,0.029515009162945565,0.5977337110481588,0.9899553571428572,0.4562937062937063,0.9696762202875868,0.05063291139240506,0.33055555555555555
