DriverID,Driver,Team,Year,GranPrix,Location,LapNumber,position,PitInTime,PitOutTime,Stint,TireLife,TireMeters,Compound,IsFreshTire,DriverMeters,LapTime,Best,air_temp,humidity,trackTemp,pressure,wind_speed,wind_direction,NormalizedTireMeters,NormalizedDriverMeters,NormalizedAirTemp,NormalizedHumidity,NormalizedTrackTemp,NormalizedPressure,NormalizedWindSpeed,NormalizedWindDirection
20,MAG,Haas F1 Team,2019,British Grand Prix,Silverstone,1.0,20.0,1,1,1.0,1.0,5891,1,1,5891,159.14,0,6.333333333333333,21.366666666666664,10.700000000000001,335.46666666666664,0.4666666666666666,93.0,0.020025971553670013,0.019006659267480578,0.1794145420207743,0.2384672619047619,0.18706293706293708,0.328148945188953,0.0590717299578059,0.25833333333333336
20,MAG,Haas F1 Team,2019,British Grand Prix,Silverstone,2.0,20.0,1,1,2.0,1.0,5891,3,1,11782,124.944,0,9.55,31.15,15.85,503.15,0.65,30.0,0.020025971553670013,0.038013318534961156,0.2705382436260624,0.34765625,0.2770979020979021,0.4921745084613127,0.08227848101265822,0.08333333333333333
20,MAG,Haas F1 Team,2019,British Grand Prix,Silverstone,3.0,20.0,1,1,2.0,2.0,11782,3,1,17673,109.883,1,9.65,30.75,15.75,503.15,0.75,18.0,0.040051943107340025,0.05701997780244173,0.2733711048158641,0.3431919642857143,0.2753496503496503,0.4921745084613127,0.09493670886075949,0.05
20,MAG,Haas F1 Team,2019,British Grand Prix,Silverstone,4.0,20.0,1,1,2.0,3.0,17673,3,1,23564,93.954,1,19.0,60.4,31.5,1006.3,3.1,31.0,0.060077914661010035,0.07602663706992231,0.538243626062323,0.6741071428571429,0.5506993006993006,0.9843490169226254,0.3924050632911392,0.08611111111111111
20,MAG,Haas F1 Team,2019,British Grand Prix,Silverstone,5.0,20.0,1,1,2.0,4.0,23564,3,1,29455,93.425,1,9.4,29.6,15.5,503.2,1.35,21.5,0.08010388621468005,0.09503329633740289,0.2662889518413598,0.3303571428571429,0.270979020979021,0.49222341778342954,0.17088607594936708,0.059722222222222225
20,MAG,Haas F1 Team,2019,British Grand Prix,Silverstone,6.0,20.0,1,1,2.0,5.0,29455,3,1,35346,96.152,0,9.35,30.8,15.55,503.1,1.3,25.5,0.10012985776835005,0.11403995560488346,0.26487252124645894,0.34375000000000006,0.2718531468531469,0.49212559913919596,0.16455696202531644,0.07083333333333333
