DriverID,#Driver,Team,Year,GranPrix,#Location,LapNumber,position,PitInTime,PitOutTime,Stint,TireLife,#TireMeters,Compound,IsFreshTire,#DriverMeters,LapTime,Best,air_temp_avg,humidity_avg,trackTemp_AVG,pressure_avg,wind_speed_avg,wind_direction_avg,NormalizedTireMeters,NormalizedDriverMeters
22,TSU,RB,2024,Italian Grand Prix,Monza,1.0,14.0,1,1,1.0,2.0,11586,3,0,5793,95.235,0,33.8,32.0,51.3,993.2,1.9,191.0,0.03711605735593742,0.0186840832123851
22,TSU,RB,2024,Italian Grand Prix,Monza,2.0,15.0,1,1,1.0,3.0,17379,3,0,11586,87.538,1,16.9,15.0,25.2,496.6,0.35,91.5,0.055674086033906126,0.0373681664247702
22,TSU,RB,2024,Italian Grand Prix,Monza,3.0,15.0,1,1,1.0,4.0,23172,3,0,17379,86.665,1,33.7,30.0,50.6,993.3,2.3,185.0,0.07423211471187484,0.0560522496371553
22,TSU,RB,2024,Italian Grand Prix,Monza,4.0,15.0,1,1,1.0,5.0,28965,3,0,23172,86.198,1,16.85,15.0,25.35,496.6,1.15,96.0,0.09279014338984354,0.0747363328495404
22,TSU,RB,2024,Italian Grand Prix,Monza,5.0,19.0,1,1,1.0,6.0,34758,3,0,28965,92.241,0,33.7,31.0,50.6,993.2,1.8,194.0,0.11134817206781225,0.0934204160619255
22,TSU,RB,2024,Italian Grand Prix,Monza,6.0,19.0,1,1,1.0,7.0,40551,3,0,34758,88.473,0,16.75,16.0,24.8,496.55,1.05,85.0,0.12990620074578096,0.1121044992743106
22,TSU,RB,2024,Italian Grand Prix,Monza,7.0,19.0,1,1,1.0,8.0,46344,3,0,40551,100.319,0,16.65,16.0,24.75,496.55,0.5,100.0,0.14846422942374968,0.1307885824866957
