DriverID,#Driver,Team,Year,GranPrix,#Location,LapNumber,position,PitInTime,PitOutTime,Stint,TireLife,#TireMeters,Compound,IsFreshTire,#DriverMeters,LapTime,Best,air_temp_avg,humidity_avg,trackTemp_AVG,pressure_avg,wind_speed_avg,wind_direction_avg,NormalizedTireMeters,NormalizedDriverMeters
24,ZHO,Kick Sauber,2024,Belgian Grand Prix,Spa-Francorchamps,1.0,18.0,1,1,1.0,1.0,7004,3,1,7004,121.121,0,10.5,24.0,21.2,489.05,0.9,155.5,0.022437499199118388,0.022589904854055796
24,ZHO,Kick Sauber,2024,Belgian Grand Prix,Spa-Francorchamps,2.0,18.0,1,1,1.0,2.0,14008,3,1,14008,112.099,1,21.0,48.0,42.4,978.1,1.8,311.0,0.044874998398236776,0.04517980970811159
24,ZHO,Kick Sauber,2024,Belgian Grand Prix,Spa-Francorchamps,3.0,20.0,1,1,1.0,3.0,21012,3,1,21012,,0,7.1000000000000005,15.666666666666666,14.233333333333334,326.06666666666666,0.19999999999999998,0.6666666666666666,0.06731249759735516,0.06776971456216739
24,ZHO,Kick Sauber,2024,Belgian Grand Prix,Spa-Francorchamps,4.0,20.0,1,1,1.0,4.0,28016,3,1,28016,112.376,0,10.55,24.0,21.3,489.05,0.65,26.0,0.08974999679647355,0.09035961941622318
24,ZHO,Kick Sauber,2024,Belgian Grand Prix,Spa-Francorchamps,5.0,20.0,1,1,1.0,5.0,35020,3,1,35020,133.633,0,7.1000000000000005,16.666666666666668,14.233333333333334,326.09999999999997,0.3666666666666667,95.66666666666667,0.11218749599559195,0.11294952427027899
