Driver,LapNumber,Stint,TireLife,TireMeters,Compound,IsFreshTire,LapTime
4,1.0,1.0,4.0,17444,SOFT,False,0 days 00:01:28.019000
4,2.0,1.0,5.0,21805,SOFT,False,0 days 00:01:18.788000
4,3.0,1.0,6.0,26166,SOFT,False,0 days 00:01:18.048000
4,4.0,1.0,7.0,30527,SOFT,False,0 days 00:01:18.023000
4,5.0,1.0,8.0,34888,SOFT,False,0 days 00:01:18.450000
4,6.0,1.0,9.0,39249,SOFT,False,0 days 00:01:18.972000
4,7.0,1.0,10.0,43610,SOFT,False,0 days 00:01:19.329000
4,8.0,1.0,11.0,47971,SOFT,False,0 days 00:01:26.576000
4,9.0,1.0,12.0,52332,SOFT,False,
