DriverID,#Driver,Team,Year,GranPrix,#Location,LapNumber,position,PitInTime,PitOutTime,Stint,TireLife,#TireMeters,Compound,IsFreshTire,#DriverMeters,LapTime,Best,air_temp_avg,humidity_avg,trackTemp_AVG,pressure_avg,wind_speed_avg,wind_direction_avg,NormalizedTireMeters,NormalizedDriverMeters
77,BOT,Alfa Romeo,2023,Japanese Grand Prix,Suzuka,1.0,20.0,1,1,1.0,1.0,5807,1,1,5807,174.634,0,9.0,13.666666666666666,14.633333333333333,337.6666666666667,0.5666666666666667,43.0,0.01860287804815541,0.018729237219803258
77,BOT,Alfa Romeo,2023,Japanese Grand Prix,Suzuka,2.0,20.0,1,1,2.0,1.0,5807,1,1,11614,,0,9.033333333333333,14.0,14.5,337.6666666666667,0.5,36.666666666666664,0.01860287804815541,0.037458474439606516
77,BOT,Alfa Romeo,2023,Japanese Grand Prix,Suzuka,3.0,20.0,1,1,2.0,2.0,11614,1,1,17421,140.615,1,13.6,21.0,21.85,506.5,1.25,68.0,0.03720575609631082,0.05618771165940977
77,BOT,Alfa Romeo,2023,Japanese Grand Prix,Suzuka,4.0,20.0,1,1,2.0,3.0,17421,1,1,23228,,0,9.033333333333333,14.333333333333334,14.333333333333334,337.6666666666667,0.7333333333333334,38.0,0.055808634144466227,0.07491694887921303
77,BOT,Alfa Romeo,2023,Japanese Grand Prix,Suzuka,5.0,20.0,1,1,2.0,4.0,23228,1,1,29035,122.755,1,13.6,21.0,21.5,506.45,1.5,65.0,0.07441151219262164,0.09364618609901629
77,BOT,Alfa Romeo,2023,Japanese Grand Prix,Suzuka,6.0,19.0,1,1,2.0,5.0,29035,1,1,34842,106.852,0,13.55,21.0,21.4,506.5,0.65,39.5,0.09301439024077705,0.11237542331881954
77,BOT,Alfa Romeo,2023,Japanese Grand Prix,Suzuka,7.0,20.0,1,1,3.0,1.0,5807,3,1,40649,,0,13.6,20.5,21.55,506.5,0.6,42.5,0.01860287804815541,0.1311046605386228
