Driver,LapNumber,Stint,TireLife,TireMeters,Compound,IsFreshTire,LapTime
14,1.0,,,0,nan,True,0 days 00:01:59.468000
14,2.0,1.0,1.0,5793,SUPERSOFT,True,0 days 00:02:17.507000
14,3.0,1.0,2.0,11586,SUPERSOFT,True,0 days 00:02:01.731000
14,4.0,1.0,3.0,17379,SUPERSOFT,True,0 days 00:01:28.817000
14,5.0,1.0,4.0,23172,SUPERSOFT,True,0 days 00:01:27.095000
14,6.0,1.0,5.0,28965,SUPERSOFT,True,0 days 00:01:27.009000
14,7.0,1.0,6.0,34758,SUPERSOFT,True,0 days 00:01:28.291000
14,8.0,1.0,7.0,40551,SUPERSOFT,True,0 days 00:01:27.534000
14,9.0,1.0,8.0,46344,SUPERSOFT,True,0 days 00:01:45.377000
