DriverID,Driver,LapNumber,Stint,TireLife,TireMeters,Compound,IsFreshTire,DriverMeters,LapTime
20,MAG,1.0,1.0,1.0,5891,SOFT,True,5891,0 days 00:02:39.140000
20,MAG,2.0,2.0,1.0,5891,HARD,True,11782,0 days 00:02:04.944000
20,MAG,3.0,2.0,2.0,11782,HARD,True,17673,0 days 00:01:49.883000
20,MAG,4.0,2.0,3.0,17673,HARD,True,23564,0 days 00:01:33.954000
20,MAG,5.0,2.0,4.0,23564,HARD,True,29455,0 days 00:01:33.425000
20,MAG,6.0,2.0,5.0,29455,HARD,True,35346,0 days 00:01:36.152000
