Driver,LapNumber,Stint,TireLife,TireMeters,Compound,IsFreshTire,LapTime
20,1.0,1.0,1.0,5891,SOFT,True,0 days 00:02:39.140000
20,2.0,2.0,1.0,5891,HARD,True,0 days 00:02:04.944000
20,3.0,2.0,2.0,11782,HARD,True,0 days 00:01:49.883000
20,4.0,2.0,3.0,17673,HARD,True,0 days 00:01:33.954000
20,5.0,2.0,4.0,23564,HARD,True,0 days 00:01:33.425000
20,6.0,2.0,5.0,29455,HARD,True,0 days 00:01:36.152000
