DriverID,Driver,LapNumber,Stint,TireLife,TireMeters,Compound,IsFreshTire,DriverMeters,LapTime
4,NOR,1.0,1.0,4.0,17444,SOFT,False,4361,0 days 00:01:28.019000
4,NOR,2.0,1.0,5.0,21805,SOFT,False,8722,0 days 00:01:18.788000
4,NOR,3.0,1.0,6.0,26166,SOFT,False,13083,0 days 00:01:18.048000
4,NOR,4.0,1.0,7.0,30527,SOFT,False,17444,0 days 00:01:18.023000
4,NOR,5.0,1.0,8.0,34888,SOFT,False,21805,0 days 00:01:18.450000
4,NOR,6.0,1.0,9.0,39249,SOFT,False,26166,0 days 00:01:18.972000
4,NOR,7.0,1.0,10.0,43610,SOFT,False,30527,0 days 00:01:19.329000
4,NOR,8.0,1.0,11.0,47971,SOFT,False,34888,0 days 00:01:26.576000
4,NOR,9.0,1.0,12.0,52332,SOFT,False,39249,
